{
    "__comment": "Model generated using MrCrayfish's Model Creator (http://mrcrayfish.com/modelcreator/)",
    "textures": {
        "particle": "block/cactus_side",
        "0": "block/cactus_side",
        "1": "block/cactus_top",
        "2": "block/cactus_bottom"
    },
    "elements": [
        {
            "name": "Cube",
            "from": [ 1.0, 0.0, 1.0 ], 
            "to": [ 15.0, 16.0, 15.0 ], 
            "faces": {
                "north": { "texture": "#0", "uv": [ 1.0, 0.0, 15.0, 16.0 ] },
                "east": { "texture": "#0", "uv": [ 1.0, 0.0, 15.0, 16.0 ] },
                "south": { "texture": "#0", "uv": [ 1.0, 0.0, 15.0, 16.0 ] },
                "west": { "texture": "#0", "uv": [ 1.0, 0.0, 15.0, 16.0 ] },
                "up": { "texture": "#1", "uv": [ 1.0, 1.0, 15.0, 15.0 ] },
                "down": { "texture": "#2", "uv": [ 1.0, 1.0, 15.0, 15.0 ] }
            }
        },
        {
            "name": "Cube",
            "from": [ 4.0, 10.0, 0.0 ], 
            "to": [ 5.0, 11.0, 1.0 ], 
            "faces": {
                "north": { "texture": "#0", "uv": [ 4.0, 2.0, 5.0, 3.0 ] },
                "east": { "texture": "#0", "uv": [ 4.0, 2.0, 5.0, 3.0 ] },
                "south": { "texture": "#0", "uv": [ 4.0, 2.0, 5.0, 3.0 ] },
                "west": { "texture": "#0", "uv": [ 4.0, 2.0, 5.0, 3.0 ] },
                "up": { "texture": "#0", "uv": [ 4.0, 2.0, 5.0, 3.0 ] },
                "down": { "texture": "#0", "uv": [ 4.0, 2.0, 5.0, 3.0 ] }
            }
        },
        {
            "name": "Cube",
            "from": [ 5.0, 5.0, 0.0 ], 
            "to": [ 6.0, 6.0, 1.0 ], 
            "faces": {
                "north": { "texture": "#0", "uv": [ 4.0, 2.0, 5.0, 3.0 ] },
                "east": { "texture": "#0", "uv": [ 4.0, 2.0, 5.0, 3.0 ] },
                "south": { "texture": "#0", "uv": [ 4.0, 2.0, 5.0, 3.0 ] },
                "west": { "texture": "#0", "uv": [ 4.0, 2.0, 5.0, 3.0 ] },
                "up": { "texture": "#0", "uv": [ 4.0, 2.0, 5.0, 3.0 ] },
                "down": { "texture": "#0", "uv": [ 4.0, 2.0, 5.0, 3.0 ] }
            }
        },
        {
            "name": "Cube",
            "from": [ 2.0, 1.0, 0.0 ], 
            "to": [ 3.0, 2.0, 1.0 ], 
            "faces": {
                "north": { "texture": "#0", "uv": [ 4.0, 2.0, 5.0, 3.0 ] },
                "east": { "texture": "#0", "uv": [ 4.0, 2.0, 5.0, 3.0 ] },
                "south": { "texture": "#0", "uv": [ 4.0, 2.0, 5.0, 3.0 ] },
                "west": { "texture": "#0", "uv": [ 4.0, 2.0, 5.0, 3.0 ] },
                "up": { "texture": "#0", "uv": [ 4.0, 2.0, 5.0, 3.0 ] },
                "down": { "texture": "#0", "uv": [ 4.0, 2.0, 5.0, 3.0 ] }
            }
        },
        {
            "name": "Cube",
            "from": [ 10.0, 5.0, 0.0 ], 
            "to": [ 11.0, 6.0, 1.0 ], 
            "faces": {
                "north": { "texture": "#0", "uv": [ 4.0, 2.0, 5.0, 3.0 ] },
                "east": { "texture": "#0", "uv": [ 4.0, 2.0, 5.0, 3.0 ] },
                "south": { "texture": "#0", "uv": [ 4.0, 2.0, 5.0, 3.0 ] },
                "west": { "texture": "#0", "uv": [ 4.0, 2.0, 5.0, 3.0 ] },
                "up": { "texture": "#0", "uv": [ 4.0, 2.0, 5.0, 3.0 ] },
                "down": { "texture": "#0", "uv": [ 4.0, 2.0, 5.0, 3.0 ] }
            }
        },
        {
            "name": "Cube",
            "from": [ 12.0, 2.0, 0.0 ], 
            "to": [ 13.0, 3.0, 1.0 ], 
            "faces": {
                "north": { "texture": "#0", "uv": [ 4.0, 2.0, 5.0, 3.0 ] },
                "east": { "texture": "#0", "uv": [ 4.0, 2.0, 5.0, 3.0 ] },
                "south": { "texture": "#0", "uv": [ 4.0, 2.0, 5.0, 3.0 ] },
                "west": { "texture": "#0", "uv": [ 4.0, 2.0, 5.0, 3.0 ] },
                "up": { "texture": "#0", "uv": [ 4.0, 2.0, 5.0, 3.0 ] },
                "down": { "texture": "#0", "uv": [ 4.0, 2.0, 5.0, 3.0 ] }
            }
        },
        {
            "name": "Cube",
            "from": [ 12.0, 9.0, 0.0 ], 
            "to": [ 13.0, 10.0, 1.0 ], 
            "faces": {
                "north": { "texture": "#0", "uv": [ 4.0, 2.0, 5.0, 3.0 ] },
                "east": { "texture": "#0", "uv": [ 4.0, 2.0, 5.0, 3.0 ] },
                "south": { "texture": "#0", "uv": [ 4.0, 2.0, 5.0, 3.0 ] },
                "west": { "texture": "#0", "uv": [ 4.0, 2.0, 5.0, 3.0 ] },
                "up": { "texture": "#0", "uv": [ 4.0, 2.0, 5.0, 3.0 ] },
                "down": { "texture": "#0", "uv": [ 4.0, 2.0, 5.0, 3.0 ] }
            }
        },
        {
            "name": "Cube",
            "from": [ 11.0, 13.0, 0.0 ], 
            "to": [ 12.0, 14.0, 1.0 ], 
            "faces": {
                "north": { "texture": "#0", "uv": [ 4.0, 2.0, 5.0, 3.0 ] },
                "east": { "texture": "#0", "uv": [ 4.0, 2.0, 5.0, 3.0 ] },
                "south": { "texture": "#0", "uv": [ 4.0, 2.0, 5.0, 3.0 ] },
                "west": { "texture": "#0", "uv": [ 4.0, 2.0, 5.0, 3.0 ] },
                "up": { "texture": "#0", "uv": [ 4.0, 2.0, 5.0, 3.0 ] },
                "down": { "texture": "#0", "uv": [ 4.0, 2.0, 5.0, 3.0 ] }
            }
        },
        {
            "name": "Cube",
            "from": [ 2.0, 13.0, 0.0 ], 
            "to": [ 3.0, 14.0, 1.0 ], 
            "faces": {
                "north": { "texture": "#0", "uv": [ 4.0, 2.0, 5.0, 3.0 ] },
                "east": { "texture": "#0", "uv": [ 4.0, 2.0, 5.0, 3.0 ] },
                "south": { "texture": "#0", "uv": [ 4.0, 2.0, 5.0, 3.0 ] },
                "west": { "texture": "#0", "uv": [ 4.0, 2.0, 5.0, 3.0 ] },
                "up": { "texture": "#0", "uv": [ 4.0, 2.0, 5.0, 3.0 ] },
                "down": { "texture": "#0", "uv": [ 4.0, 2.0, 5.0, 3.0 ] }
            }
        },
        {
            "name": "Cube",
            "from": [ 6.0, 14.0, 0.0 ], 
            "to": [ 7.0, 15.0, 1.0 ], 
            "faces": {
                "north": { "texture": "#0", "uv": [ 4.0, 2.0, 5.0, 3.0 ] },
                "east": { "texture": "#0", "uv": [ 4.0, 2.0, 5.0, 3.0 ] },
                "south": { "texture": "#0", "uv": [ 4.0, 2.0, 5.0, 3.0 ] },
                "west": { "texture": "#0", "uv": [ 4.0, 2.0, 5.0, 3.0 ] },
                "up": { "texture": "#0", "uv": [ 4.0, 2.0, 5.0, 3.0 ] },
                "down": { "texture": "#0", "uv": [ 4.0, 2.0, 5.0, 3.0 ] }
            }
        },
        {
            "name": "Cube",
            "from": [ 0.0, 13.0, 13.0 ], 
            "to": [ 1.0, 14.0, 14.0 ], 
            "faces": {
                "north": { "texture": "#0", "uv": [ 4.0, 2.0, 5.0, 3.0 ] },
                "east": { "texture": "#0", "uv": [ 4.0, 2.0, 5.0, 3.0 ] },
                "south": { "texture": "#0", "uv": [ 4.0, 2.0, 5.0, 3.0 ] },
                "west": { "texture": "#0", "uv": [ 4.0, 2.0, 5.0, 3.0 ] },
                "up": { "texture": "#0", "uv": [ 4.0, 2.0, 5.0, 3.0 ] },
                "down": { "texture": "#0", "uv": [ 4.0, 2.0, 5.0, 3.0 ] }
            }
        },
        {
            "name": "Cube",
            "from": [ 0.0, 13.0, 4.0 ], 
            "to": [ 1.0, 14.0, 5.0 ], 
            "faces": {
                "north": { "texture": "#0", "uv": [ 4.0, 2.0, 5.0, 3.0 ] },
                "east": { "texture": "#0", "uv": [ 4.0, 2.0, 5.0, 3.0 ] },
                "south": { "texture": "#0", "uv": [ 4.0, 2.0, 5.0, 3.0 ] },
                "west": { "texture": "#0", "uv": [ 4.0, 2.0, 5.0, 3.0 ] },
                "up": { "texture": "#0", "uv": [ 4.0, 2.0, 5.0, 3.0 ] },
                "down": { "texture": "#0", "uv": [ 4.0, 2.0, 5.0, 3.0 ] }
            }
        },
        {
            "name": "Cube",
            "from": [ 0.0, 9.0, 3.0 ], 
            "to": [ 1.0, 10.0, 4.0 ], 
            "faces": {
                "north": { "texture": "#0", "uv": [ 4.0, 2.0, 5.0, 3.0 ] },
                "east": { "texture": "#0", "uv": [ 4.0, 2.0, 5.0, 3.0 ] },
                "south": { "texture": "#0", "uv": [ 4.0, 2.0, 5.0, 3.0 ] },
                "west": { "texture": "#0", "uv": [ 4.0, 2.0, 5.0, 3.0 ] },
                "up": { "texture": "#0", "uv": [ 4.0, 2.0, 5.0, 3.0 ] },
                "down": { "texture": "#0", "uv": [ 4.0, 2.0, 5.0, 3.0 ] }
            }
        },
        {
            "name": "Cube",
            "from": [ 0.0, 5.0, 5.0 ], 
            "to": [ 1.0, 6.0, 6.0 ], 
            "faces": {
                "north": { "texture": "#0", "uv": [ 4.0, 2.0, 5.0, 3.0 ] },
                "east": { "texture": "#0", "uv": [ 4.0, 2.0, 5.0, 3.0 ] },
                "south": { "texture": "#0", "uv": [ 4.0, 2.0, 5.0, 3.0 ] },
                "west": { "texture": "#0", "uv": [ 4.0, 2.0, 5.0, 3.0 ] },
                "up": { "texture": "#0", "uv": [ 4.0, 2.0, 5.0, 3.0 ] },
                "down": { "texture": "#0", "uv": [ 4.0, 2.0, 5.0, 3.0 ] }
            }
        },
        {
            "name": "Cube",
            "from": [ 0.0, 2.0, 3.0 ], 
            "to": [ 1.0, 3.0, 4.0 ], 
            "faces": {
                "north": { "texture": "#0", "uv": [ 4.0, 2.0, 5.0, 3.0 ] },
                "east": { "texture": "#0", "uv": [ 4.0, 2.0, 5.0, 3.0 ] },
                "south": { "texture": "#0", "uv": [ 4.0, 2.0, 5.0, 3.0 ] },
                "west": { "texture": "#0", "uv": [ 4.0, 2.0, 5.0, 3.0 ] },
                "up": { "texture": "#0", "uv": [ 4.0, 2.0, 5.0, 3.0 ] },
                "down": { "texture": "#0", "uv": [ 4.0, 2.0, 5.0, 3.0 ] }
            }
        },
        {
            "name": "Cube",
            "from": [ 0.0, 1.0, 13.0 ], 
            "to": [ 1.0, 2.0, 14.0 ], 
            "faces": {
                "north": { "texture": "#0", "uv": [ 4.0, 2.0, 5.0, 3.0 ] },
                "east": { "texture": "#0", "uv": [ 4.0, 2.0, 5.0, 3.0 ] },
                "south": { "texture": "#0", "uv": [ 4.0, 2.0, 5.0, 3.0 ] },
                "west": { "texture": "#0", "uv": [ 4.0, 2.0, 5.0, 3.0 ] },
                "up": { "texture": "#0", "uv": [ 4.0, 2.0, 5.0, 3.0 ] },
                "down": { "texture": "#0", "uv": [ 4.0, 2.0, 5.0, 3.0 ] }
            }
        },
        {
            "name": "Cube",
            "from": [ 0.0, 5.0, 10.0 ], 
            "to": [ 1.0, 6.0, 11.0 ], 
            "faces": {
                "north": { "texture": "#0", "uv": [ 4.0, 2.0, 5.0, 3.0 ] },
                "east": { "texture": "#0", "uv": [ 4.0, 2.0, 5.0, 3.0 ] },
                "south": { "texture": "#0", "uv": [ 4.0, 2.0, 5.0, 3.0 ] },
                "west": { "texture": "#0", "uv": [ 4.0, 2.0, 5.0, 3.0 ] },
                "up": { "texture": "#0", "uv": [ 4.0, 2.0, 5.0, 3.0 ] },
                "down": { "texture": "#0", "uv": [ 4.0, 2.0, 5.0, 3.0 ] }
            }
        },
        {
            "name": "Cube",
            "from": [ 0.0, 10.0, 11.0 ], 
            "to": [ 1.0, 11.0, 12.0 ], 
            "faces": {
                "north": { "texture": "#0", "uv": [ 4.0, 2.0, 5.0, 3.0 ] },
                "east": { "texture": "#0", "uv": [ 4.0, 2.0, 5.0, 3.0 ] },
                "south": { "texture": "#0", "uv": [ 4.0, 2.0, 5.0, 3.0 ] },
                "west": { "texture": "#0", "uv": [ 4.0, 2.0, 5.0, 3.0 ] },
                "up": { "texture": "#0", "uv": [ 4.0, 2.0, 5.0, 3.0 ] },
                "down": { "texture": "#0", "uv": [ 4.0, 2.0, 5.0, 3.0 ] }
            }
        },
        {
            "name": "Cube",
            "from": [ 0.0, 14.0, 9.0 ], 
            "to": [ 1.0, 15.0, 10.0 ], 
            "faces": {
                "north": { "texture": "#0", "uv": [ 4.0, 2.0, 5.0, 3.0 ] },
                "east": { "texture": "#0", "uv": [ 4.0, 2.0, 5.0, 3.0 ] },
                "south": { "texture": "#0", "uv": [ 4.0, 2.0, 5.0, 3.0 ] },
                "west": { "texture": "#0", "uv": [ 4.0, 2.0, 5.0, 3.0 ] },
                "up": { "texture": "#0", "uv": [ 4.0, 2.0, 5.0, 3.0 ] },
                "down": { "texture": "#0", "uv": [ 4.0, 2.0, 5.0, 3.0 ] }
            }
        },
        {
            "name": "Cube",
            "from": [ 15.0, 14.0, 6.0 ], 
            "to": [ 16.0, 15.0, 7.0 ], 
            "faces": {
                "north": { "texture": "#0", "uv": [ 4.0, 2.0, 5.0, 3.0 ] },
                "east": { "texture": "#0", "uv": [ 4.0, 2.0, 5.0, 3.0 ] },
                "south": { "texture": "#0", "uv": [ 4.0, 2.0, 5.0, 3.0 ] },
                "west": { "texture": "#0", "uv": [ 4.0, 2.0, 5.0, 3.0 ] },
                "up": { "texture": "#0", "uv": [ 4.0, 2.0, 5.0, 3.0 ] },
                "down": { "texture": "#0", "uv": [ 4.0, 2.0, 5.0, 3.0 ] }
            }
        },
        {
            "name": "Cube",
            "from": [ 4.0, 13.0, 15.0 ], 
            "to": [ 5.0, 14.0, 16.0 ], 
            "faces": {
                "north": { "texture": "#0", "uv": [ 4.0, 2.0, 5.0, 3.0 ] },
                "east": { "texture": "#0", "uv": [ 4.0, 2.0, 5.0, 3.0 ] },
                "south": { "texture": "#0", "uv": [ 4.0, 2.0, 5.0, 3.0 ] },
                "west": { "texture": "#0", "uv": [ 4.0, 2.0, 5.0, 3.0 ] },
                "up": { "texture": "#0", "uv": [ 4.0, 2.0, 5.0, 3.0 ] },
                "down": { "texture": "#0", "uv": [ 4.0, 2.0, 5.0, 3.0 ] }
            }
        },
        {
            "name": "Cube",
            "from": [ 3.0, 9.0, 15.0 ], 
            "to": [ 4.0, 10.0, 16.0 ], 
            "faces": {
                "north": { "texture": "#0", "uv": [ 4.0, 2.0, 5.0, 3.0 ] },
                "east": { "texture": "#0", "uv": [ 4.0, 2.0, 5.0, 3.0 ] },
                "south": { "texture": "#0", "uv": [ 4.0, 2.0, 5.0, 3.0 ] },
                "west": { "texture": "#0", "uv": [ 4.0, 2.0, 5.0, 3.0 ] },
                "up": { "texture": "#0", "uv": [ 4.0, 2.0, 5.0, 3.0 ] },
                "down": { "texture": "#0", "uv": [ 4.0, 2.0, 5.0, 3.0 ] }
            }
        },
        {
            "name": "Cube",
            "from": [ 5.0, 5.0, 15.0 ], 
            "to": [ 6.0, 6.0, 16.0 ], 
            "faces": {
                "north": { "texture": "#0", "uv": [ 4.0, 2.0, 5.0, 3.0 ] },
                "east": { "texture": "#0", "uv": [ 4.0, 2.0, 5.0, 3.0 ] },
                "south": { "texture": "#0", "uv": [ 4.0, 2.0, 5.0, 3.0 ] },
                "west": { "texture": "#0", "uv": [ 4.0, 2.0, 5.0, 3.0 ] },
                "up": { "texture": "#0", "uv": [ 4.0, 2.0, 5.0, 3.0 ] },
                "down": { "texture": "#0", "uv": [ 4.0, 2.0, 5.0, 3.0 ] }
            }
        },
        {
            "name": "Cube",
            "from": [ 3.0, 2.0, 15.0 ], 
            "to": [ 4.0, 3.0, 16.0 ], 
            "faces": {
                "north": { "texture": "#0", "uv": [ 4.0, 2.0, 5.0, 3.0 ] },
                "east": { "texture": "#0", "uv": [ 4.0, 2.0, 5.0, 3.0 ] },
                "south": { "texture": "#0", "uv": [ 4.0, 2.0, 5.0, 3.0 ] },
                "west": { "texture": "#0", "uv": [ 4.0, 2.0, 5.0, 3.0 ] },
                "up": { "texture": "#0", "uv": [ 4.0, 2.0, 5.0, 3.0 ] },
                "down": { "texture": "#0", "uv": [ 4.0, 2.0, 5.0, 3.0 ] }
            }
        },
        {
            "name": "Cube",
            "from": [ 13.0, 1.0, 15.0 ], 
            "to": [ 14.0, 2.0, 16.0 ], 
            "faces": {
                "north": { "texture": "#0", "uv": [ 4.0, 2.0, 5.0, 3.0 ] },
                "east": { "texture": "#0", "uv": [ 4.0, 2.0, 5.0, 3.0 ] },
                "south": { "texture": "#0", "uv": [ 4.0, 2.0, 5.0, 3.0 ] },
                "west": { "texture": "#0", "uv": [ 4.0, 2.0, 5.0, 3.0 ] },
                "up": { "texture": "#0", "uv": [ 4.0, 2.0, 5.0, 3.0 ] },
                "down": { "texture": "#0", "uv": [ 4.0, 2.0, 5.0, 3.0 ] }
            }
        },
        {
            "name": "Cube",
            "from": [ 10.0, 5.0, 15.0 ], 
            "to": [ 11.0, 6.0, 16.0 ], 
            "faces": {
                "north": { "texture": "#0", "uv": [ 4.0, 2.0, 5.0, 3.0 ] },
                "east": { "texture": "#0", "uv": [ 4.0, 2.0, 5.0, 3.0 ] },
                "south": { "texture": "#0", "uv": [ 4.0, 2.0, 5.0, 3.0 ] },
                "west": { "texture": "#0", "uv": [ 4.0, 2.0, 5.0, 3.0 ] },
                "up": { "texture": "#0", "uv": [ 4.0, 2.0, 5.0, 3.0 ] },
                "down": { "texture": "#0", "uv": [ 4.0, 2.0, 5.0, 3.0 ] }
            }
        },
        {
            "name": "Cube",
            "from": [ 11.0, 10.0, 15.0 ], 
            "to": [ 12.0, 11.0, 16.0 ], 
            "faces": {
                "north": { "texture": "#0", "uv": [ 4.0, 2.0, 5.0, 3.0 ] },
                "east": { "texture": "#0", "uv": [ 4.0, 2.0, 5.0, 3.0 ] },
                "south": { "texture": "#0", "uv": [ 4.0, 2.0, 5.0, 3.0 ] },
                "west": { "texture": "#0", "uv": [ 4.0, 2.0, 5.0, 3.0 ] },
                "up": { "texture": "#0", "uv": [ 4.0, 2.0, 5.0, 3.0 ] },
                "down": { "texture": "#0", "uv": [ 4.0, 2.0, 5.0, 3.0 ] }
            }
        },
        {
            "name": "Cube",
            "from": [ 9.0, 14.0, 15.0 ], 
            "to": [ 10.0, 15.0, 16.0 ], 
            "faces": {
                "north": { "texture": "#0", "uv": [ 4.0, 2.0, 5.0, 3.0 ] },
                "east": { "texture": "#0", "uv": [ 4.0, 2.0, 5.0, 3.0 ] },
                "south": { "texture": "#0", "uv": [ 4.0, 2.0, 5.0, 3.0 ] },
                "west": { "texture": "#0", "uv": [ 4.0, 2.0, 5.0, 3.0 ] },
                "up": { "texture": "#0", "uv": [ 4.0, 2.0, 5.0, 3.0 ] },
                "down": { "texture": "#0", "uv": [ 4.0, 2.0, 5.0, 3.0 ] }
            }
        },
        {
            "name": "Cube",
            "from": [ 13.0, 13.0, 15.0 ], 
            "to": [ 14.0, 14.0, 16.0 ], 
            "faces": {
                "north": { "texture": "#0", "uv": [ 4.0, 2.0, 5.0, 3.0 ] },
                "east": { "texture": "#0", "uv": [ 4.0, 2.0, 5.0, 3.0 ] },
                "south": { "texture": "#0", "uv": [ 4.0, 2.0, 5.0, 3.0 ] },
                "west": { "texture": "#0", "uv": [ 4.0, 2.0, 5.0, 3.0 ] },
                "up": { "texture": "#0", "uv": [ 4.0, 2.0, 5.0, 3.0 ] },
                "down": { "texture": "#0", "uv": [ 4.0, 2.0, 5.0, 3.0 ] }
            }
        },
        {
            "name": "Cube",
            "from": [ 15.0, 13.0, 11.0 ], 
            "to": [ 16.0, 14.0, 12.0 ], 
            "faces": {
                "north": { "texture": "#0", "uv": [ 4.0, 2.0, 5.0, 3.0 ] },
                "east": { "texture": "#0", "uv": [ 4.0, 2.0, 5.0, 3.0 ] },
                "south": { "texture": "#0", "uv": [ 4.0, 2.0, 5.0, 3.0 ] },
                "west": { "texture": "#0", "uv": [ 4.0, 2.0, 5.0, 3.0 ] },
                "up": { "texture": "#0", "uv": [ 4.0, 2.0, 5.0, 3.0 ] },
                "down": { "texture": "#0", "uv": [ 4.0, 2.0, 5.0, 3.0 ] }
            }
        },
        {
            "name": "Cube",
            "from": [ 15.0, 9.0, 12.0 ], 
            "to": [ 16.0, 10.0, 13.0 ], 
            "faces": {
                "north": { "texture": "#0", "uv": [ 4.0, 2.0, 5.0, 3.0 ] },
                "east": { "texture": "#0", "uv": [ 4.0, 2.0, 5.0, 3.0 ] },
                "south": { "texture": "#0", "uv": [ 4.0, 2.0, 5.0, 3.0 ] },
                "west": { "texture": "#0", "uv": [ 4.0, 2.0, 5.0, 3.0 ] },
                "up": { "texture": "#0", "uv": [ 4.0, 2.0, 5.0, 3.0 ] },
                "down": { "texture": "#0", "uv": [ 4.0, 2.0, 5.0, 3.0 ] }
            }
        },
        {
            "name": "Cube",
            "from": [ 15.0, 5.0, 10.0 ], 
            "to": [ 16.0, 6.0, 11.0 ], 
            "faces": {
                "north": { "texture": "#0", "uv": [ 4.0, 2.0, 5.0, 3.0 ] },
                "east": { "texture": "#0", "uv": [ 4.0, 2.0, 5.0, 3.0 ] },
                "south": { "texture": "#0", "uv": [ 4.0, 2.0, 5.0, 3.0 ] },
                "west": { "texture": "#0", "uv": [ 4.0, 2.0, 5.0, 3.0 ] },
                "up": { "texture": "#0", "uv": [ 4.0, 2.0, 5.0, 3.0 ] },
                "down": { "texture": "#0", "uv": [ 4.0, 2.0, 5.0, 3.0 ] }
            }
        },
        {
            "name": "Cube",
            "from": [ 15.0, 2.0, 12.0 ], 
            "to": [ 16.0, 3.0, 13.0 ], 
            "faces": {
                "north": { "texture": "#0", "uv": [ 4.0, 2.0, 5.0, 3.0 ] },
                "east": { "texture": "#0", "uv": [ 4.0, 2.0, 5.0, 3.0 ] },
                "south": { "texture": "#0", "uv": [ 4.0, 2.0, 5.0, 3.0 ] },
                "west": { "texture": "#0", "uv": [ 4.0, 2.0, 5.0, 3.0 ] },
                "up": { "texture": "#0", "uv": [ 4.0, 2.0, 5.0, 3.0 ] },
                "down": { "texture": "#0", "uv": [ 4.0, 2.0, 5.0, 3.0 ] }
            }
        },
        {
            "name": "Cube",
            "from": [ 15.0, 1.0, 2.0 ], 
            "to": [ 16.0, 2.0, 3.0 ], 
            "faces": {
                "north": { "texture": "#0", "uv": [ 4.0, 2.0, 5.0, 3.0 ] },
                "east": { "texture": "#0", "uv": [ 4.0, 2.0, 5.0, 3.0 ] },
                "south": { "texture": "#0", "uv": [ 4.0, 2.0, 5.0, 3.0 ] },
                "west": { "texture": "#0", "uv": [ 4.0, 2.0, 5.0, 3.0 ] },
                "up": { "texture": "#0", "uv": [ 4.0, 2.0, 5.0, 3.0 ] },
                "down": { "texture": "#0", "uv": [ 4.0, 2.0, 5.0, 3.0 ] }
            }
        },
        {
            "name": "Cube",
            "from": [ 15.0, 5.0, 5.0 ], 
            "to": [ 16.0, 6.0, 6.0 ], 
            "faces": {
                "north": { "texture": "#0", "uv": [ 4.0, 2.0, 5.0, 3.0 ] },
                "east": { "texture": "#0", "uv": [ 4.0, 2.0, 5.0, 3.0 ] },
                "south": { "texture": "#0", "uv": [ 4.0, 2.0, 5.0, 3.0 ] },
                "west": { "texture": "#0", "uv": [ 4.0, 2.0, 5.0, 3.0 ] },
                "up": { "texture": "#0", "uv": [ 4.0, 2.0, 5.0, 3.0 ] },
                "down": { "texture": "#0", "uv": [ 4.0, 2.0, 5.0, 3.0 ] }
            }
        },
        {
            "name": "Cube",
            "from": [ 15.0, 10.0, 4.0 ], 
            "to": [ 16.0, 11.0, 5.0 ], 
            "faces": {
                "north": { "texture": "#0", "uv": [ 4.0, 2.0, 5.0, 3.0 ] },
                "east": { "texture": "#0", "uv": [ 4.0, 2.0, 5.0, 3.0 ] },
                "south": { "texture": "#0", "uv": [ 4.0, 2.0, 5.0, 3.0 ] },
                "west": { "texture": "#0", "uv": [ 4.0, 2.0, 5.0, 3.0 ] },
                "up": { "texture": "#0", "uv": [ 4.0, 2.0, 5.0, 3.0 ] },
                "down": { "texture": "#0", "uv": [ 4.0, 2.0, 5.0, 3.0 ] }
            }
        },
        {
            "name": "Cube",
            "from": [ 15.0, 13.0, 2.0 ], 
            "to": [ 16.0, 14.0, 3.0 ], 
            "faces": {
                "north": { "texture": "#0", "uv": [ 4.0, 2.0, 5.0, 3.0 ] },
                "east": { "texture": "#0", "uv": [ 4.0, 2.0, 5.0, 3.0 ] },
                "south": { "texture": "#0", "uv": [ 4.0, 2.0, 5.0, 3.0 ] },
                "west": { "texture": "#0", "uv": [ 4.0, 2.0, 5.0, 3.0 ] },
                "up": { "texture": "#0", "uv": [ 4.0, 2.0, 5.0, 3.0 ] },
                "down": { "texture": "#0", "uv": [ 4.0, 2.0, 5.0, 3.0 ] }
            }
        },
        {
            "name": "Cube",
            "from": [ 10.0, 16.0, 2.0 ], 
            "to": [ 11.0, 17.0, 3.0 ], 
            "faces": {
                "north": { "texture": "#0", "uv": [ 4.0, 2.0, 5.0, 3.0 ] },
                "east": { "texture": "#0", "uv": [ 4.0, 2.0, 5.0, 3.0 ] },
                "south": { "texture": "#0", "uv": [ 4.0, 2.0, 5.0, 3.0 ] },
                "west": { "texture": "#0", "uv": [ 4.0, 2.0, 5.0, 3.0 ] },
                "up": { "texture": "#0", "uv": [ 4.0, 2.0, 5.0, 3.0 ] },
                "down": { "texture": "#0", "uv": [ 4.0, 2.0, 5.0, 3.0 ] }
            }
        },
        {
            "name": "Cube",
            "from": [ 13.0, 16.0, 4.0 ], 
            "to": [ 14.0, 17.0, 5.0 ], 
            "faces": {
                "north": { "texture": "#0", "uv": [ 4.0, 2.0, 5.0, 3.0 ] },
                "east": { "texture": "#0", "uv": [ 4.0, 2.0, 5.0, 3.0 ] },
                "south": { "texture": "#0", "uv": [ 4.0, 2.0, 5.0, 3.0 ] },
                "west": { "texture": "#0", "uv": [ 4.0, 2.0, 5.0, 3.0 ] },
                "up": { "texture": "#0", "uv": [ 4.0, 2.0, 5.0, 3.0 ] },
                "down": { "texture": "#0", "uv": [ 4.0, 2.0, 5.0, 3.0 ] }
            }
        },
        {
            "name": "Cube",
            "from": [ 12.0, 16.0, 7.0 ], 
            "to": [ 13.0, 17.0, 8.0 ], 
            "faces": {
                "north": { "texture": "#0", "uv": [ 4.0, 2.0, 5.0, 3.0 ] },
                "east": { "texture": "#0", "uv": [ 4.0, 2.0, 5.0, 3.0 ] },
                "south": { "texture": "#0", "uv": [ 4.0, 2.0, 5.0, 3.0 ] },
                "west": { "texture": "#0", "uv": [ 4.0, 2.0, 5.0, 3.0 ] },
                "up": { "texture": "#0", "uv": [ 4.0, 2.0, 5.0, 3.0 ] },
                "down": { "texture": "#0", "uv": [ 4.0, 2.0, 5.0, 3.0 ] }
            }
        },
        {
            "name": "Cube",
            "from": [ 10.0, 16.0, 5.0 ], 
            "to": [ 11.0, 17.0, 6.0 ], 
            "faces": {
                "north": { "texture": "#0", "uv": [ 4.0, 2.0, 5.0, 3.0 ] },
                "east": { "texture": "#0", "uv": [ 4.0, 2.0, 5.0, 3.0 ] },
                "south": { "texture": "#0", "uv": [ 4.0, 2.0, 5.0, 3.0 ] },
                "west": { "texture": "#0", "uv": [ 4.0, 2.0, 5.0, 3.0 ] },
                "up": { "texture": "#0", "uv": [ 4.0, 2.0, 5.0, 3.0 ] },
                "down": { "texture": "#0", "uv": [ 4.0, 2.0, 5.0, 3.0 ] }
            }
        },
        {
            "name": "Cube",
            "from": [ 10.0, 16.0, 10.0 ], 
            "to": [ 11.0, 17.0, 11.0 ], 
            "faces": {
                "north": { "texture": "#0", "uv": [ 4.0, 2.0, 5.0, 3.0 ] },
                "east": { "texture": "#0", "uv": [ 4.0, 2.0, 5.0, 3.0 ] },
                "south": { "texture": "#0", "uv": [ 4.0, 2.0, 5.0, 3.0 ] },
                "west": { "texture": "#0", "uv": [ 4.0, 2.0, 5.0, 3.0 ] },
                "up": { "texture": "#0", "uv": [ 4.0, 2.0, 5.0, 3.0 ] },
                "down": { "texture": "#0", "uv": [ 4.0, 2.0, 5.0, 3.0 ] }
            }
        },
        {
            "name": "Cube",
            "from": [ 6.0, 16.0, 13.0 ], 
            "to": [ 7.0, 17.0, 14.0 ], 
            "faces": {
                "north": { "texture": "#0", "uv": [ 4.0, 2.0, 5.0, 3.0 ] },
                "east": { "texture": "#0", "uv": [ 4.0, 2.0, 5.0, 3.0 ] },
                "south": { "texture": "#0", "uv": [ 4.0, 2.0, 5.0, 3.0 ] },
                "west": { "texture": "#0", "uv": [ 4.0, 2.0, 5.0, 3.0 ] },
                "up": { "texture": "#0", "uv": [ 4.0, 2.0, 5.0, 3.0 ] },
                "down": { "texture": "#0", "uv": [ 4.0, 2.0, 5.0, 3.0 ] }
            }
        },
        {
            "name": "Cube",
            "from": [ 13.0, 16.0, 11.0 ], 
            "to": [ 14.0, 17.0, 12.0 ], 
            "faces": {
                "north": { "texture": "#0", "uv": [ 4.0, 2.0, 5.0, 3.0 ] },
                "east": { "texture": "#0", "uv": [ 4.0, 2.0, 5.0, 3.0 ] },
                "south": { "texture": "#0", "uv": [ 4.0, 2.0, 5.0, 3.0 ] },
                "west": { "texture": "#0", "uv": [ 4.0, 2.0, 5.0, 3.0 ] },
                "up": { "texture": "#0", "uv": [ 4.0, 2.0, 5.0, 3.0 ] },
                "down": { "texture": "#0", "uv": [ 4.0, 2.0, 5.0, 3.0 ] }
            }
        },
        {
            "name": "Cube",
            "from": [ 11.0, 16.0, 13.0 ], 
            "to": [ 12.0, 17.0, 14.0 ], 
            "faces": {
                "north": { "texture": "#0", "uv": [ 4.0, 2.0, 5.0, 3.0 ] },
                "east": { "texture": "#0", "uv": [ 4.0, 2.0, 5.0, 3.0 ] },
                "south": { "texture": "#0", "uv": [ 4.0, 2.0, 5.0, 3.0 ] },
                "west": { "texture": "#0", "uv": [ 4.0, 2.0, 5.0, 3.0 ] },
                "up": { "texture": "#0", "uv": [ 4.0, 2.0, 5.0, 3.0 ] },
                "down": { "texture": "#0", "uv": [ 4.0, 2.0, 5.0, 3.0 ] }
            }
        },
        {
            "name": "Cube",
            "from": [ 2.0, 16.0, 4.0 ], 
            "to": [ 3.0, 17.0, 5.0 ], 
            "faces": {
                "north": { "texture": "#0", "uv": [ 4.0, 2.0, 5.0, 3.0 ] },
                "east": { "texture": "#0", "uv": [ 4.0, 2.0, 5.0, 3.0 ] },
                "south": { "texture": "#0", "uv": [ 4.0, 2.0, 5.0, 3.0 ] },
                "west": { "texture": "#0", "uv": [ 4.0, 2.0, 5.0, 3.0 ] },
                "up": { "texture": "#0", "uv": [ 4.0, 2.0, 5.0, 3.0 ] },
                "down": { "texture": "#0", "uv": [ 4.0, 2.0, 5.0, 3.0 ] }
            }
        },
        {
            "name": "Cube",
            "from": [ 5.0, 16.0, 2.0 ], 
            "to": [ 6.0, 17.0, 3.0 ], 
            "faces": {
                "north": { "texture": "#0", "uv": [ 4.0, 2.0, 5.0, 3.0 ] },
                "east": { "texture": "#0", "uv": [ 4.0, 2.0, 5.0, 3.0 ] },
                "south": { "texture": "#0", "uv": [ 4.0, 2.0, 5.0, 3.0 ] },
                "west": { "texture": "#0", "uv": [ 4.0, 2.0, 5.0, 3.0 ] },
                "up": { "texture": "#0", "uv": [ 4.0, 2.0, 5.0, 3.0 ] },
                "down": { "texture": "#0", "uv": [ 4.0, 2.0, 5.0, 3.0 ] }
            }
        },
        {
            "name": "Cube",
            "from": [ 5.0, 16.0, 6.0 ], 
            "to": [ 6.0, 17.0, 7.0 ], 
            "faces": {
                "north": { "texture": "#0", "uv": [ 4.0, 2.0, 5.0, 3.0 ] },
                "east": { "texture": "#0", "uv": [ 4.0, 2.0, 5.0, 3.0 ] },
                "south": { "texture": "#0", "uv": [ 4.0, 2.0, 5.0, 3.0 ] },
                "west": { "texture": "#0", "uv": [ 4.0, 2.0, 5.0, 3.0 ] },
                "up": { "texture": "#0", "uv": [ 4.0, 2.0, 5.0, 3.0 ] },
                "down": { "texture": "#0", "uv": [ 4.0, 2.0, 5.0, 3.0 ] }
            }
        },
        {
            "name": "Cube",
            "from": [ 4.0, 16.0, 10.0 ], 
            "to": [ 5.0, 17.0, 11.0 ], 
            "faces": {
                "north": { "texture": "#0", "uv": [ 4.0, 2.0, 5.0, 3.0 ] },
                "east": { "texture": "#0", "uv": [ 4.0, 2.0, 5.0, 3.0 ] },
                "south": { "texture": "#0", "uv": [ 4.0, 2.0, 5.0, 3.0 ] },
                "west": { "texture": "#0", "uv": [ 4.0, 2.0, 5.0, 3.0 ] },
                "up": { "texture": "#0", "uv": [ 4.0, 2.0, 5.0, 3.0 ] },
                "down": { "texture": "#0", "uv": [ 4.0, 2.0, 5.0, 3.0 ] }
            }
        },
        {
            "name": "Cube",
            "from": [ 2.0, 16.0, 12.0 ], 
            "to": [ 3.0, 17.0, 13.0 ], 
            "faces": {
                "north": { "texture": "#0", "uv": [ 4.0, 2.0, 5.0, 3.0 ] },
                "east": { "texture": "#0", "uv": [ 4.0, 2.0, 5.0, 3.0 ] },
                "south": { "texture": "#0", "uv": [ 4.0, 2.0, 5.0, 3.0 ] },
                "west": { "texture": "#0", "uv": [ 4.0, 2.0, 5.0, 3.0 ] },
                "up": { "texture": "#0", "uv": [ 4.0, 2.0, 5.0, 3.0 ] },
                "down": { "texture": "#0", "uv": [ 4.0, 2.0, 5.0, 3.0 ] }
            }
        },
        {
            "name": "Cube",
            "from": [ 7.0, 16.0, 8.0 ], 
            "to": [ 8.0, 17.0, 9.0 ], 
            "faces": {
                "north": { "texture": "#0", "uv": [ 4.0, 2.0, 5.0, 3.0 ] },
                "east": { "texture": "#0", "uv": [ 4.0, 2.0, 5.0, 3.0 ] },
                "south": { "texture": "#0", "uv": [ 4.0, 2.0, 5.0, 3.0 ] },
                "west": { "texture": "#0", "uv": [ 4.0, 2.0, 5.0, 3.0 ] },
                "up": { "texture": "#0", "uv": [ 4.0, 2.0, 5.0, 3.0 ] },
                "down": { "texture": "#0", "uv": [ 4.0, 2.0, 5.0, 3.0 ] }
            }
        }
    ],
    "display": {
        "gui": {
            "rotation": [ 30, 225, 0 ],
            "translation": [ 0, 0, 0],
            "scale":[ 0.625, 0.625, 0.625 ]
        },
        "ground": {
            "rotation": [ 0, 0, 0 ],
            "translation": [ 0, 3, 0],
            "scale":[ 0.25, 0.25, 0.25 ]
        },
        "fixed": {
            "rotation": [ 0, 0, 0 ],
            "translation": [ 0, 0, 0],
            "scale":[ 0.5, 0.5, 0.5 ]
        },
        "thirdperson_righthand": {
            "rotation": [ 75, 45, 0 ],
            "translation": [ 0, 2.5, 0],
            "scale": [ 0.375, 0.375, 0.375 ]
        },
        "firstperson_righthand": {
            "rotation": [ 0, 45, 0 ],
            "translation": [ 0, 0, 0 ],
            "scale": [ 0.40, 0.40, 0.40 ]
        },
        "firstperson_lefthand": {
            "rotation": [ 0, 225, 0 ],
            "translation": [ 0, 0, 0 ],
            "scale": [ 0.40, 0.40, 0.40 ]
        }
    }
}