{
    "__comment": "Model generated using MrCrayfish's Model Creator (http://mrcrayfish.com/modelcreator/)",
"ambientocclusion": false,
    "textures": {
        "particle": "block/detector_rail",
        "0": "block/d_rail",
        "1": "block/detector_rail"
    },
    "elements": [
        {
            "name": "Cube",
            "from": [ 1.0, 7.4, 16.2 ], 
            "to": [ 15.0, 8.4, 18.2 ], 
            "rotation": { "origin": [ 8.0, 8.0, 8.0 ], "axis": "x", "angle": -45.0 },
            "faces": {
                "north": { "texture": "#0", "uv": [ 1.0, 14.0, 15.0, 13.0 ], "rotation": 180 },
                "east": { "texture": "#0", "uv": [ 1.0, 1.0, 2.0, 3.0 ], "rotation": 90 },
                "south": { "texture": "#0", "uv": [ 1.0, 15.0, 15.0, 14.0 ] },
                "west": { "texture": "#0", "uv": [ 14.0, 1.0, 15.0, 3.0 ], "rotation": 270 },
                "up": { "texture": "#0", "uv": [ 1.0, 13.0, 15.0, 15.0 ] },
                "down": { "texture": "#0", "uv": [ 14.0, 2.0, 15.0, 3.0 ], "rotation": 180 }
            }
        },
        {
            "name": "Cube",
            "from": [ 1.0, 7.4, -0.8 ], 
            "to": [ 15.0, 8.4, 1.2 ], 
            "rotation": { "origin": [ 8.0, 8.0, 8.0 ], "axis": "x", "angle": -45.0 },
            "faces": {
                "north": { "texture": "#0", "uv": [ 1.0, 1.0, 15.0, 2.0 ], "rotation": 180 },
                "east": { "texture": "#0", "uv": [ 1.0, 1.0, 2.0, 3.0 ], "rotation": 90 },
                "south": { "texture": "#0", "uv": [ 1.0, 2.0, 15.0, 3.0 ] },
                "west": { "texture": "#0", "uv": [ 14.0, 1.0, 15.0, 3.0 ], "rotation": 270 },
                "up": { "texture": "#0", "uv": [ 1.0, 1.0, 15.0, 3.0 ] },
                "down": { "texture": "#0", "uv": [ 14.0, 2.0, 15.0, 3.0 ] }
            }
        },
        {
            "name": "Cube",
            "from": [ 1.0, 7.4, 4.8 ], 
            "to": [ 15.0, 8.4, 6.8 ], 
            "rotation": { "origin": [ 8.0, 8.0, 8.0 ], "axis": "x", "angle": -45.0 },
            "faces": {
                "north": { "texture": "#0", "uv": [ 1.0, 5.0, 15.0, 6.0 ] },
                "east": { "texture": "#0", "uv": [ 1.0, 1.0, 2.0, 3.0 ], "rotation": 90 },
                "south": { "texture": "#0", "uv": [ 1.0, 6.0, 15.0, 7.0 ] },
                "west": { "texture": "#0", "uv": [ 14.0, 1.0, 15.0, 3.0 ], "rotation": 270 },
                "up": { "texture": "#0", "uv": [ 1.0, 5.0, 15.0, 7.0 ] },
                "down": { "texture": "#0", "uv": [ 14.0, 2.0, 15.0, 3.0 ] }
            }
        },
        {
            "name": "Cube",
            "from": [ 1.0, 7.4, 10.5 ], 
            "to": [ 15.0, 8.4, 12.5 ], 
            "rotation": { "origin": [ 8.0, 8.0, 8.0 ], "axis": "x", "angle": -45.0 },
            "faces": {
                "north": { "texture": "#0", "uv": [ 1.0, 9.0, 15.0, 10.0 ], "rotation": 180 },
                "east": { "texture": "#0", "uv": [ 14.0, 1.0, 15.0, 3.0 ], "rotation": 90 },
                "south": { "texture": "#0", "uv": [ 1.0, 10.0, 15.0, 11.0 ] },
                "west": { "texture": "#0", "uv": [ 13.0, 1.0, 14.0, 3.0 ], "rotation": 270 },
                "up": { "texture": "#0", "uv": [ 1.0, 9.0, 15.0, 11.0 ] },
                "down": { "texture": "#0", "uv": [ 13.0, 2.0, 14.0, 3.0 ] }
            }
        },
        {
            "name": "Cube",
            "from": [ 12.0, 8.4, -2.3 ], 
            "to": [ 14.0, 9.4, 20.7 ], 
            "rotation": { "origin": [ 8.0, 8.0, 8.0 ], "axis": "x", "angle": -45.0 },
            "faces": {
                "north": { "texture": "#1", "uv": [ 2.0, 0.0, 4.0, 1.0 ], "rotation": 180 },
                "east": { "texture": "#1", "uv": [ 13.0, 0.0, 14.0, 16.0 ], "rotation": 90 },
                "south": { "texture": "#1", "uv": [ 2.0, 0.0, 4.0, 1.0 ] },
                "west": { "texture": "#1", "uv": [ 12.0, 0.0, 13.0, 16.0 ], "rotation": 270 },
                "up": { "texture": "#1", "uv": [ 12.0, 0.0, 14.0, 16.0 ] },
                "down": { "texture": "#1", "uv": [ 13.0, 5.0, 14.0, 6.0 ] }
            }
        },
        {
            "name": "Cube",
            "from": [ 2.0, 8.4, -2.3 ], 
            "to": [ 4.0, 9.4, 20.7 ], 
            "rotation": { "origin": [ 8.0, 8.0, 8.0 ], "axis": "x", "angle": -45.0 },
            "faces": {
                "north": { "texture": "#1", "uv": [ 2.0, 0.0, 4.0, 1.0 ], "rotation": 180 },
                "east": { "texture": "#1", "uv": [ 3.0, 0.0, 4.0, 16.0 ], "rotation": 90 },
                "south": { "texture": "#1", "uv": [ 2.0, 0.0, 4.0, 1.0 ] },
                "west": { "texture": "#1", "uv": [ 2.0, 0.0, 3.0, 16.0 ], "rotation": 270 },
                "up": { "texture": "#1", "uv": [ 2.0, 0.0, 4.0, 16.0 ] },
                "down": { "texture": "#1", "uv": [ 13.0, 4.0, 14.0, 5.0 ] }
            }
        },
        {
            "name": "Pleasure",
            "from": [ 6.0, 8.4, 6.6 ], 
            "to": [ 10.0, 9.4, 10.6 ], 
            "rotation": { "origin": [ 8.0, 8.0, 8.0 ], "axis": "x", "angle": -45.0 },
            "faces": {
                "north": { "texture": "#1", "uv": [ 6.0, 6.0, 10.0, 7.0 ] },
                "east": { "texture": "#1", "uv": [ 6.0, 9.0, 10.0, 10.0 ] },
                "south": { "texture": "#1", "uv": [ 6.0, 9.0, 10.0, 10.0 ] },
                "west": { "texture": "#1", "uv": [ 6.0, 6.0, 10.0, 7.0 ] },
                "up": { "texture": "#1", "uv": [ 6.0, 6.0, 10.0, 10.0 ] },
                "down": { "texture": "#1", "uv": [ 9.0, 6.0, 10.0, 7.0 ] }
            }
        },
        {
            "name": "Cube",
            "from": [ 3.0, 7.4, 1.2 ], 
            "to": [ 13.0, 8.4, 2.2 ], 
            "rotation": { "origin": [ 8.0, 8.0, 8.0 ], "axis": "x", "angle": -45.0 },
            "faces": {
                "north": { "texture": "#1", "uv": [ 3.0, 3.0, 13.0, 4.0 ] },
                "east": { "texture": "#1", "uv": [ 8.0, 3.0, 9.0, 4.0 ] },
                "south": { "texture": "#1", "uv": [ 6.0, 3.0, 5.0, 4.0 ] },
                "west": { "texture": "#1", "uv": [ 10.0, 5.0, 11.0, 6.0 ] },
                "up": { "texture": "#1", "uv": [ 3.0, 3.0, 13.0, 4.0 ] },
                "down": { "texture": "#1", "uv": [ 5.0, 5.0, 6.0, 6.0 ] }
            }
        },
        {
            "name": "Cube",
            "from": [ 3.0, 7.4, 15.2 ], 
            "to": [ 13.0, 8.4, 16.2 ], 
            "rotation": { "origin": [ 8.0, 8.0, 8.0 ], "axis": "x", "angle": -45.0 },
            "faces": {
                "north": { "texture": "#0", "uv": [ 8.0, 12.0, 9.0, 13.0 ] },
                "east": { "texture": "#1", "uv": [ 8.0, 3.0, 9.0, 4.0 ] },
                "south": { "texture": "#1", "uv": [ 9.0, 3.0, 10.0, 4.0 ] },
                "west": { "texture": "#1", "uv": [ 8.0, 3.0, 9.0, 4.0 ] },
                "up": { "texture": "#1", "uv": [ 3.0, 12.0, 13.0, 13.0 ] },
                "down": { "texture": "#1", "uv": [ 5.0, 3.0, 6.0, 4.0 ] }
            }
        },
        {
            "name": "Cube",
            "from": [ 10.0, 7.4, 6.8 ], 
            "to": [ 11.0, 8.4, 10.5 ], 
            "rotation": { "origin": [ 8.0, 8.0, 8.0 ], "axis": "x", "angle": -45.0 },
            "faces": {
                "north": { "texture": "#1", "uv": [ 4.0, 3.0, 5.0, 4.0 ] },
                "east": { "texture": "#1", "uv": [ 8.0, 3.0, 9.0, 4.0 ] },
                "south": { "texture": "#1", "uv": [ 9.0, 3.0, 10.0, 4.0 ] },
                "west": { "texture": "#1", "uv": [ 8.0, 4.0, 9.0, 5.0 ] },
                "up": { "texture": "#1", "uv": [ 10.0, 7.0, 11.0, 9.0 ] },
                "down": { "texture": "#1", "uv": [ 5.0, 3.0, 6.0, 4.0 ] }
            }
        },
        {
            "name": "Cube",
            "from": [ 5.0, 7.4, 6.8 ], 
            "to": [ 6.0, 8.4, 10.5 ], 
            "rotation": { "origin": [ 8.0, 8.0, 8.0 ], "axis": "x", "angle": -45.0 },
            "faces": {
                "north": { "texture": "#1", "uv": [ 9.0, 3.0, 10.0, 4.0 ] },
                "east": { "texture": "#1", "uv": [ 8.0, 3.0, 9.0, 4.0 ] },
                "south": { "texture": "#1", "uv": [ 8.0, 3.0, 9.0, 4.0 ] },
                "west": { "texture": "#1", "uv": [ 8.0, 3.0, 9.0, 4.0 ] },
                "up": { "texture": "#1", "uv": [ 5.0, 7.0, 6.0, 9.0 ] },
                "down": { "texture": "#1", "uv": [ 9.0, 3.0, 10.0, 4.0 ] }
            }
        },
        {
            "name": "Cube",
            "from": [ 7.0, 7.4, 2.1 ], 
            "to": [ 9.0, 8.4, 4.8 ], 
            "rotation": { "origin": [ 8.0, 8.0, 8.0 ], "axis": "x", "angle": -45.0 },
            "faces": {
                "north": { "texture": "#1", "uv": [ 0.0, 0.0, 2.0, 1.0 ] },
                "east": { "texture": "#1", "uv": [ 8.0, 3.0, 9.0, 4.0 ] },
                "south": { "texture": "#1", "uv": [ 9.0, 3.0, 10.0, 4.0 ] },
                "west": { "texture": "#1", "uv": [ 8.0, 3.0, 9.0, 4.0 ] },
                "up": { "texture": "#1", "uv": [ 7.0, 4.0, 9.0, 5.0 ] },
                "down": { "texture": "#1", "uv": [ 8.0, 3.0, 9.0, 4.0 ] }
            }
        },
        {
            "name": "Cube",
            "from": [ 7.0, 7.4, 12.5 ], 
            "to": [ 9.0, 8.4, 15.2 ], 
            "rotation": { "origin": [ 8.0, 8.0, 8.0 ], "axis": "x", "angle": -45.0 },
            "faces": {
                "north": { "texture": "#1", "uv": [ 8.0, 3.0, 9.0, 4.0 ] },
                "east": { "texture": "#1", "uv": [ 8.0, 3.0, 9.0, 4.0 ] },
                "south": { "texture": "#1", "uv": [ 9.0, 3.0, 10.0, 4.0 ] },
                "west": { "texture": "#1", "uv": [ 9.0, 3.0, 8.0, 4.0 ] },
                "up": { "texture": "#1", "uv": [ 7.0, 11.0, 9.0, 12.0 ] },
                "down": { "texture": "#1", "uv": [ 8.0, 3.0, 9.0, 4.0 ] }
            }
        }
    ]
}