{
    "__comment": "Model generated using MrCrayfish's Model Creator (http://mrcrayfish.com/modelcreator/)",
    "textures": {
        "particle": "block/powered_rail",
        "0": "block/p_rail",
        "1": "block/powered_rail"
    },
    "elements": [
        {
            "name": "Cube",
            "from": [ 1.0, 0.0, 13.0 ], 
            "to": [ 15.0, 1.0, 15.0 ], 
            "faces": {
                "north": { "texture": "#0", "uv": [ 1.0, 14.0, 15.0, 13.0 ], "rotation": 180 },
                "east": { "texture": "#0", "uv": [ 1.0, 1.0, 2.0, 3.0 ], "rotation": 90 },
                "south": { "texture": "#0", "uv": [ 1.0, 15.0, 15.0, 14.0 ] },
                "west": { "texture": "#0", "uv": [ 14.0, 1.0, 15.0, 3.0 ], "rotation": 270 },
                "up": { "texture": "#0", "uv": [ 1.0, 13.0, 15.0, 15.0 ] },
                "down": { "texture": "#0", "uv": [ 14.0, 2.0, 15.0, 3.0 ], "rotation": 180 }
            }
        },
        {
            "name": "Cube",
            "from": [ 1.0, 0.0, 1.0 ], 
            "to": [ 15.0, 1.0, 3.0 ], 
            "faces": {
                "north": { "texture": "#0", "uv": [ 1.0, 1.0, 15.0, 2.0 ], "rotation": 180 },
                "east": { "texture": "#0", "uv": [ 1.0, 1.0, 2.0, 3.0 ], "rotation": 90 },
                "south": { "texture": "#0", "uv": [ 1.0, 2.0, 15.0, 3.0 ] },
                "west": { "texture": "#0", "uv": [ 14.0, 1.0, 15.0, 3.0 ], "rotation": 270 },
                "up": { "texture": "#0", "uv": [ 1.0, 1.0, 15.0, 3.0 ] },
                "down": { "texture": "#0", "uv": [ 14.0, 2.0, 15.0, 3.0 ] }
            }
        },
        {
            "name": "Cube",
            "from": [ 1.0, 0.0, 5.0 ], 
            "to": [ 15.0, 1.0, 7.0 ], 
            "faces": {
                "north": { "texture": "#0", "uv": [ 1.0, 5.0, 15.0, 6.0 ] },
                "east": { "texture": "#0", "uv": [ 1.0, 1.0, 2.0, 3.0 ], "rotation": 90 },
                "south": { "texture": "#0", "uv": [ 1.0, 6.0, 15.0, 7.0 ] },
                "west": { "texture": "#0", "uv": [ 14.0, 1.0, 15.0, 3.0 ], "rotation": 270 },
                "up": { "texture": "#0", "uv": [ 1.0, 5.0, 15.0, 7.0 ] },
                "down": { "texture": "#0", "uv": [ 14.0, 2.0, 15.0, 3.0 ] }
            }
        },
        {
            "name": "Cube",
            "from": [ 1.0, 0.0, 9.0 ], 
            "to": [ 15.0, 1.0, 11.0 ], 
            "faces": {
                "north": { "texture": "#0", "uv": [ 1.0, 9.0, 15.0, 10.0 ], "rotation": 180 },
                "east": { "texture": "#0", "uv": [ 14.0, 1.0, 15.0, 3.0 ], "rotation": 90 },
                "south": { "texture": "#0", "uv": [ 1.0, 10.0, 15.0, 11.0 ] },
                "west": { "texture": "#0", "uv": [ 13.0, 1.0, 14.0, 3.0 ], "rotation": 270 },
                "up": { "texture": "#0", "uv": [ 1.0, 9.0, 15.0, 11.0 ] },
                "down": { "texture": "#0", "uv": [ 13.0, 2.0, 14.0, 3.0 ] }
            }
        },
        {
            "name": "Up2",
            "from": [ 11.0, 1.0, 0.0 ], 
            "to": [ 14.0, 2.0, 16.0 ], 
            "faces": {
                "north": { "texture": "#1", "uv": [ 2.0, 0.0, 5.0, 1.0 ], "rotation": 180 },
                "east": { "texture": "#1", "uv": [ 13.0, 0.0, 14.0, 16.0 ], "rotation": 90 },
                "south": { "texture": "#1", "uv": [ 2.0, 0.0, 5.0, 1.0 ], "rotation": 180 },
                "west": { "texture": "#1", "uv": [ 11.0, 0.0, 12.0, 16.0 ], "rotation": 270 },
                "up": { "texture": "#1", "uv": [ 11.0, 0.0, 14.0, 16.0 ] },
                "down": { "texture": "#1", "uv": [ 13.0, 5.0, 14.0, 6.0 ] }
            }
        },
        {
            "name": "Up1",
            "from": [ 2.0, 1.0, 0.0 ], 
            "to": [ 5.0, 2.0, 16.0 ], 
            "faces": {
                "north": { "texture": "#1", "uv": [ 2.0, 0.0, 5.0, 1.0 ], "rotation": 180 },
                "east": { "texture": "#1", "uv": [ 4.0, 0.0, 5.0, 16.0 ], "rotation": 90 },
                "south": { "texture": "#1", "uv": [ 2.0, 0.0, 5.0, 1.0 ] },
                "west": { "texture": "#1", "uv": [ 2.0, 0.0, 3.0, 16.0 ], "rotation": 270 },
                "up": { "texture": "#1", "uv": [ 2.0, 0.0, 5.0, 16.0 ] },
                "down": { "texture": "#1", "uv": [ 13.0, 4.0, 14.0, 5.0 ] }
            }
        },
        {
            "name": "Dw1",
            "from": [ 7.0, 0.0, 7.0 ], 
            "to": [ 9.0, 1.0, 9.0 ], 
            "faces": {
                "north": { "texture": "#0", "uv": [ 7.0, 3.0, 9.0, 4.0 ] },
                "east": { "texture": "#0", "uv": [ 7.0, 3.0, 9.0, 4.0 ] },
                "south": { "texture": "#0", "uv": [ 7.0, 4.0, 9.0, 5.0 ] },
                "west": { "texture": "#0", "uv": [ 7.0, 3.0, 9.0, 4.0 ] },
                "up": { "texture": "#0", "uv": [ 7.0, 7.0, 9.0, 9.0 ] },
                "down": { "texture": "#0", "uv": [ 8.0, 4.0, 9.0, 5.0 ] }
            }
        },
        {
            "name": "Dw2",
            "from": [ 7.0, 0.0, 11.0 ], 
            "to": [ 9.0, 1.0, 13.0 ], 
            "faces": {
                "north": { "texture": "#0", "uv": [ 7.0, 3.0, 9.0, 4.0 ] },
                "east": { "texture": "#0", "uv": [ 0.0, 0.0, 2.0, 1.0 ] },
                "south": { "texture": "#0", "uv": [ 7.0, 4.0, 9.0, 5.0 ] },
                "west": { "texture": "#0", "uv": [ 7.0, 3.0, 9.0, 4.0 ] },
                "up": { "texture": "#0", "uv": [ 7.0, 11.0, 9.0, 13.0 ] },
                "down": { "texture": "#0", "uv": [ 7.0, 7.0, 8.0, 8.0 ] }
            }
        },
        {
            "name": "Dw3",
            "from": [ 7.0, 0.0, 3.0 ], 
            "to": [ 9.0, 1.0, 5.0 ], 
            "faces": {
                "north": { "texture": "#0", "uv": [ 7.0, 3.0, 9.0, 4.0 ] },
                "east": { "texture": "#0", "uv": [ 7.0, 4.0, 9.0, 5.0 ] },
                "south": { "texture": "#0", "uv": [ 7.0, 4.0, 9.0, 5.0 ] },
                "west": { "texture": "#0", "uv": [ 7.0, 3.0, 9.0, 4.0 ] },
                "up": { "texture": "#0", "uv": [ 7.0, 3.0, 9.0, 5.0 ] },
                "down": { "texture": "#0", "uv": [ 8.0, 3.0, 9.0, 4.0 ] }
            }
        }
    ]
}