{
    "__comment": "Model generated using MrCrayfish's Model Creator (http://mrcrayfish.com/modelcreator/)",
    "textures": {
        "particle": "block/rail",
        "0": "block/rail_corner1",
        "1": "block/rail",
        "2": "block/rail_buged"
    },
    "elements": [
        {
            "name": "Cube",
            "from": [ 1.0, 0.0, 11.0 ], 
            "to": [ 4.0, 1.0, 13.0 ], 
            "faces": {
                "north": { "texture": "#0", "uv": [ 7.0, 6.0, 8.0, 7.0 ] },
                "east": { "texture": "#0", "uv": [ 12.0, 3.0, 14.0, 4.0 ] },
                "south": { "texture": "#0", "uv": [ 11.0, 3.0, 14.0, 4.0 ] },
                "west": { "texture": "#0", "uv": [ 7.0, 6.0, 9.0, 7.0 ] },
                "up": { "texture": "#0", "uv": [ 1.0, 11.0, 4.0, 13.0 ] },
                "down": { "texture": "#0", "uv": [ 12.0, 3.0, 13.0, 4.0 ] }
            }
        },
        {
            "name": "Cube",
            "from": [ 10.0, 0.0, 14.0 ], 
            "to": [ 15.0, 1.0, 16.0 ], 
            "faces": {
                "north": { "texture": "#0", "uv": [ 8.0, 6.0, 9.0, 7.0 ] },
                "east": { "texture": "#0", "uv": [ 12.0, 2.0, 14.0, 3.0 ] },
                "south": { "texture": "#0", "uv": [ 11.0, 2.0, 12.0, 3.0 ] },
                "west": { "texture": "#0", "uv": [ 7.0, 6.0, 9.0, 7.0 ] },
                "up": { "texture": "#0", "uv": [ 10.0, 14.0, 15.0, 16.0 ] },
                "down": { "texture": "#0", "uv": [ 12.0, 5.0, 13.0, 6.0 ] }
            }
        },
        {
            "name": "Cube",
            "from": [ 7.0, 0.0, 13.0 ], 
            "to": [ 10.0, 1.0, 15.0 ], 
            "faces": {
                "north": { "texture": "#0", "uv": [ 4.0, 15.0, 5.0, 16.0 ] },
                "east": { "texture": "#0", "uv": [ 11.0, 3.0, 13.0, 4.0 ] },
                "south": { "texture": "#0", "uv": [ 11.0, 3.0, 14.0, 4.0 ] },
                "west": { "texture": "#0", "uv": [ 7.0, 6.0, 9.0, 7.0 ] },
                "up": { "texture": "#0", "uv": [ 7.0, 13.0, 10.0, 15.0 ] },
                "down": { "texture": "#0", "uv": [ 11.0, 2.0, 14.0, 4.0 ] }
            }
        },
        {
            "name": "Cube",
            "from": [ 4.0, 0.0, 12.0 ], 
            "to": [ 7.0, 1.0, 14.0 ], 
            "faces": {
                "north": { "texture": "#0", "uv": [ 8.0, 6.0, 9.0, 7.0 ] },
                "east": { "texture": "#0", "uv": [ 12.0, 3.0, 14.0, 4.0 ] },
                "south": { "texture": "#0", "uv": [ 11.0, 3.0, 14.0, 4.0 ] },
                "west": { "texture": "#0", "uv": [ 7.0, 6.0, 9.0, 7.0 ] },
                "up": { "texture": "#0", "uv": [ 4.0, 12.0, 7.0, 14.0 ] },
                "down": { "texture": "#0", "uv": [ 11.0, 2.0, 14.0, 4.0 ] }
            }
        },
        {
            "name": "Cube",
            "from": [ 12.0, 0.0, 4.0 ], 
            "to": [ 14.0, 1.0, 7.0 ], 
            "faces": {
                "north": { "texture": "#0", "uv": [ 7.0, 6.0, 9.0, 7.0 ] },
                "east": { "texture": "#0", "uv": [ 11.0, 3.0, 14.0, 4.0 ] },
                "south": { "texture": "#0", "uv": [ 11.0, 2.0, 13.0, 3.0 ] },
                "west": { "texture": "#0", "uv": [ 7.0, 6.0, 8.0, 7.0 ] },
                "up": { "texture": "#0", "uv": [ 12.0, 4.0, 14.0, 7.0 ] },
                "down": { "texture": "#0", "uv": [ 11.0, 2.0, 12.0, 3.0 ] }
            }
        },
        {
            "name": "Cube",
            "from": [ 14.0, 0.0, 10.0 ], 
            "to": [ 16.0, 1.0, 14.0 ], 
            "faces": {
                "north": { "texture": "#0", "uv": [ 7.0, 6.0, 9.0, 7.0 ] },
                "east": { "texture": "#0", "uv": [ 12.0, 3.0, 13.0, 4.0 ] },
                "south": { "texture": "#0", "uv": [ 12.0, 2.0, 14.0, 3.0 ] },
                "west": { "texture": "#0", "uv": [ 8.0, 6.0, 9.0, 7.0 ] },
                "up": { "texture": "#0", "uv": [ 14.0, 10.0, 16.0, 14.0 ] },
                "down": { "texture": "#0", "uv": [ 11.0, 3.0, 12.0, 4.0 ] }
            }
        },
        {
            "name": "Cube",
            "from": [ 13.0, 0.0, 7.0 ], 
            "to": [ 15.0, 1.0, 10.0 ], 
            "faces": {
                "north": { "texture": "#0", "uv": [ 7.0, 6.0, 9.0, 7.0 ] },
                "east": { "texture": "#0", "uv": [ 11.0, 2.0, 14.0, 3.0 ] },
                "south": { "texture": "#0", "uv": [ 11.0, 3.0, 13.0, 4.0 ] },
                "west": { "texture": "#0", "uv": [ 8.0, 6.0, 7.0, 7.0 ] },
                "up": { "texture": "#0", "uv": [ 13.0, 7.0, 15.0, 10.0 ] },
                "down": { "texture": "#0", "uv": [ 11.0, 2.0, 13.0, 5.0 ] }
            }
        },
        {
            "name": "Cube",
            "from": [ 11.0, 0.0, 1.0 ], 
            "to": [ 13.0, 1.0, 4.0 ], 
            "faces": {
                "north": { "texture": "#0", "uv": [ 7.0, 6.0, 9.0, 7.0 ] },
                "east": { "texture": "#0", "uv": [ 11.0, 3.0, 14.0, 4.0 ] },
                "south": { "texture": "#0", "uv": [ 12.0, 3.0, 14.0, 4.0 ] },
                "west": { "texture": "#0", "uv": [ 7.0, 6.0, 8.0, 7.0 ] },
                "up": { "texture": "#0", "uv": [ 11.0, 1.0, 13.0, 4.0 ] },
                "down": { "texture": "#0", "uv": [ 11.0, 2.0, 13.0, 5.0 ] }
            }
        },
        {
            "name": "Cube",
            "from": [ 12.0, 0.0, 12.0 ], 
            "to": [ 14.0, 1.0, 14.0 ], 
            "faces": {
                "north": { "texture": "#0", "uv": [ 7.0, 6.0, 9.0, 7.0 ] },
                "east": { "texture": "#0", "uv": [ 12.0, 3.0, 14.0, 4.0 ] },
                "south": { "texture": "#0", "uv": [ 11.0, 3.0, 13.0, 4.0 ] },
                "west": { "texture": "#0", "uv": [ 7.0, 6.0, 9.0, 7.0 ] },
                "up": { "texture": "#0", "uv": [ 12.0, 12.0, 14.0, 14.0 ] },
                "down": { "texture": "#0", "uv": [ 12.0, 2.0, 14.0, 4.0 ] }
            }
        },
        {
            "name": "Cube",
            "from": [ 11.0, 0.0, 11.0 ], 
            "to": [ 13.0, 1.0, 13.0 ], 
            "faces": {
                "north": { "texture": "#0", "uv": [ 7.0, 6.0, 9.0, 7.0 ] },
                "east": { "texture": "#0", "uv": [ 12.0, 3.0, 14.0, 4.0 ] },
                "south": { "texture": "#0", "uv": [ 11.0, 3.0, 13.0, 4.0 ] },
                "west": { "texture": "#0", "uv": [ 7.0, 6.0, 9.0, 7.0 ] },
                "up": { "texture": "#0", "uv": [ 11.0, 11.0, 13.0, 13.0 ] },
                "down": { "texture": "#0", "uv": [ 11.0, 2.0, 13.0, 4.0 ] }
            }
        },
        {
            "name": "Cube",
            "from": [ 10.0, 0.0, 10.0 ], 
            "to": [ 12.0, 1.0, 12.0 ], 
            "faces": {
                "north": { "texture": "#0", "uv": [ 7.0, 6.0, 9.0, 7.0 ] },
                "east": { "texture": "#0", "uv": [ 11.0, 2.0, 13.0, 3.0 ] },
                "south": { "texture": "#0", "uv": [ 11.0, 2.0, 13.0, 3.0 ] },
                "west": { "texture": "#0", "uv": [ 7.0, 6.0, 9.0, 7.0 ] },
                "up": { "texture": "#0", "uv": [ 10.0, 10.0, 12.0, 12.0 ] },
                "down": { "texture": "#0", "uv": [ 12.0, 2.0, 14.0, 4.0 ] }
            }
        },
        {
            "name": "Cube",
            "from": [ 9.0, 0.0, 9.0 ], 
            "to": [ 11.0, 1.0, 11.0 ], 
            "faces": {
                "north": { "texture": "#0", "uv": [ 7.0, 6.0, 9.0, 7.0 ] },
                "east": { "texture": "#0", "uv": [ 11.0, 3.0, 13.0, 4.0 ] },
                "south": { "texture": "#0", "uv": [ 12.0, 3.0, 14.0, 4.0 ] },
                "west": { "texture": "#0", "uv": [ 7.0, 6.0, 9.0, 7.0 ] },
                "up": { "texture": "#0", "uv": [ 9.0, 9.0, 11.0, 11.0 ] },
                "down": { "texture": "#0", "uv": [ 12.0, 2.0, 14.0, 4.0 ] }
            }
        },
        {
            "name": "Cube",
            "from": [ 8.0, 0.0, 8.0 ], 
            "to": [ 10.0, 1.0, 10.0 ], 
            "faces": {
                "north": { "texture": "#0", "uv": [ 7.0, 6.0, 9.0, 7.0 ] },
                "east": { "texture": "#0", "uv": [ 11.0, 3.0, 13.0, 4.0 ] },
                "south": { "texture": "#0", "uv": [ 11.0, 3.0, 13.0, 4.0 ] },
                "west": { "texture": "#0", "uv": [ 7.0, 6.0, 9.0, 7.0 ] },
                "up": { "texture": "#0", "uv": [ 8.0, 8.0, 10.0, 10.0 ] },
                "down": { "texture": "#0", "uv": [ 11.0, 3.0, 13.0, 5.0 ] }
            }
        },
        {
            "name": "Cube",
            "from": [ 7.0, 0.0, 7.0 ], 
            "to": [ 9.0, 1.0, 9.0 ], 
            "faces": {
                "north": { "texture": "#0", "uv": [ 7.0, 6.0, 9.0, 7.0 ] },
                "east": { "texture": "#0", "uv": [ 12.0, 3.0, 14.0, 4.0 ] },
                "south": { "texture": "#0", "uv": [ 11.0, 3.0, 13.0, 4.0 ] },
                "west": { "texture": "#0", "uv": [ 7.0, 6.0, 9.0, 7.0 ] },
                "up": { "texture": "#0", "uv": [ 7.0, 7.0, 9.0, 9.0 ] },
                "down": { "texture": "#0", "uv": [ 12.0, 2.0, 14.0, 4.0 ] }
            }
        },
        {
            "name": "Cube",
            "from": [ 6.0, 0.0, 6.0 ], 
            "to": [ 8.0, 1.0, 8.0 ], 
            "faces": {
                "north": { "texture": "#0", "uv": [ 7.0, 6.0, 9.0, 7.0 ] },
                "east": { "texture": "#0", "uv": [ 11.0, 3.0, 13.0, 4.0 ] },
                "south": { "texture": "#0", "uv": [ 12.0, 3.0, 14.0, 4.0 ] },
                "west": { "texture": "#0", "uv": [ 7.0, 6.0, 9.0, 7.0 ] },
                "up": { "texture": "#0", "uv": [ 6.0, 6.0, 8.0, 8.0 ] },
                "down": { "texture": "#0", "uv": [ 12.0, 2.0, 14.0, 4.0 ] }
            }
        },
        {
            "name": "Cube",
            "from": [ 15.0, 0.0, 14.0 ], 
            "to": [ 16.0, 1.0, 15.0 ], 
            "faces": {
                "north": { "texture": "#0", "uv": [ 7.0, 6.0, 8.0, 7.0 ] },
                "east": { "texture": "#0", "uv": [ 11.0, 3.0, 12.0, 4.0 ] },
                "south": { "texture": "#0", "uv": [ 11.0, 4.0, 12.0, 5.0 ] },
                "west": { "texture": "#0", "uv": [ 7.0, 6.0, 8.0, 7.0 ] },
                "up": { "texture": "#0", "uv": [ 15.0, 14.0, 16.0, 15.0 ] },
                "down": { "texture": "#0", "uv": [ 11.0, 2.0, 12.0, 3.0 ] }
            }
        },
        {
            "name": "Cube",
            "from": [ 2.0, 1.0, 12.0 ], 
            "to": [ 4.0, 2.0, 16.0 ], 
            "faces": {
                "north": { "texture": "#1", "uv": [ 2.0, 4.0, 3.0, 3.0 ] },
                "east": { "texture": "#1", "uv": [ 13.0, 6.0, 14.0, 7.0 ] },
                "south": { "texture": "#1", "uv": [ 13.0, 4.0, 14.0, 5.0 ] },
                "west": { "texture": "#1", "uv": [ 12.0, 2.0, 13.0, 3.0 ] },
                "up": { "texture": "#2", "uv": [ 2.0, 12.0, 4.0, 16.0 ] },
                "down": { "texture": "#1", "uv": [ 13.0, 5.0, 14.0, 6.0 ] }
            }
        },
        {
            "name": "Cube",
            "from": [ 10.0, 1.0, 3.0 ], 
            "to": [ 12.0, 2.0, 5.0 ], 
            "faces": {
                "north": { "texture": "#2", "uv": [ 2.0, 4.0, 3.0, 5.0 ] },
                "east": { "texture": "#2", "uv": [ 3.0, 8.0, 4.0, 9.0 ] },
                "south": { "texture": "#2", "uv": [ 3.0, 6.0, 4.0, 7.0 ] },
                "west": { "texture": "#2", "uv": [ 2.0, 9.0, 3.0, 10.0 ] },
                "up": { "texture": "#2", "uv": [ 10.0, 3.0, 12.0, 5.0 ] },
                "down": { "texture": "#2", "uv": [ 3.0, 14.0, 4.0, 15.0 ] }
            }
        },
        {
            "name": "Cube",
            "from": [ 8.0, 1.0, 4.0 ], 
            "to": [ 10.0, 2.0, 6.0 ], 
            "faces": {
                "north": { "texture": "#2", "uv": [ 2.0, 9.0, 3.0, 10.0 ] },
                "east": { "texture": "#2", "uv": [ 3.0, 7.0, 4.0, 8.0 ] },
                "south": { "texture": "#2", "uv": [ 3.0, 7.0, 4.0, 8.0 ] },
                "west": { "texture": "#2", "uv": [ 2.0, 9.0, 3.0, 10.0 ] },
                "up": { "texture": "#2", "uv": [ 8.0, 4.0, 10.0, 6.0 ] },
                "down": { "texture": "#2", "uv": [ 3.0, 6.0, 4.0, 7.0 ] }
            }
        },
        {
            "name": "Cube",
            "from": [ 12.0, 1.0, 2.0 ], 
            "to": [ 16.0, 2.0, 4.0 ], 
            "faces": {
                "north": { "texture": "#2", "uv": [ 2.0, 9.0, 3.0, 10.0 ] },
                "east": { "texture": "#2", "uv": [ 3.0, 6.0, 4.0, 7.0 ] },
                "south": { "texture": "#2", "uv": [ 3.0, 6.0, 4.0, 7.0 ] },
                "west": { "texture": "#2", "uv": [ 2.0, 8.0, 3.0, 9.0 ] },
                "up": { "texture": "#2", "uv": [ 12.0, 2.0, 16.0, 4.0 ] },
                "down": { "texture": "#2", "uv": [ 3.0, 7.0, 4.0, 8.0 ] }
            }
        },
        {
            "name": "Cube",
            "from": [ 3.0, 1.0, 10.0 ], 
            "to": [ 5.0, 2.0, 12.0 ], 
            "faces": {
                "north": { "texture": "#2", "uv": [ 2.0, 4.0, 3.0, 5.0 ] },
                "east": { "texture": "#2", "uv": [ 3.0, 6.0, 4.0, 7.0 ] },
                "south": { "texture": "#2", "uv": [ 3.0, 6.0, 4.0, 7.0 ] },
                "west": { "texture": "#2", "uv": [ 2.0, 9.0, 3.0, 10.0 ] },
                "up": { "texture": "#2", "uv": [ 3.0, 10.0, 5.0, 12.0 ] },
                "down": { "texture": "#2", "uv": [ 3.0, 7.0, 4.0, 8.0 ] }
            }
        },
        {
            "name": "Cube",
            "from": [ 4.0, 1.0, 8.0 ], 
            "to": [ 6.0, 2.0, 10.0 ], 
            "faces": {
                "north": { "texture": "#2", "uv": [ 2.0, 9.0, 3.0, 10.0 ] },
                "east": { "texture": "#2", "uv": [ 3.0, 6.0, 4.0, 7.0 ] },
                "south": { "texture": "#2", "uv": [ 3.0, 8.0, 4.0, 9.0 ] },
                "west": { "texture": "#2", "uv": [ 2.0, 9.0, 3.0, 10.0 ] },
                "up": { "texture": "#2", "uv": [ 4.0, 8.0, 6.0, 10.0 ] },
                "down": { "texture": "#2", "uv": [ 3.0, 12.0, 4.0, 13.0 ] }
            }
        },
        {
            "name": "Cube",
            "from": [ 6.0, 1.0, 6.0 ], 
            "to": [ 8.0, 2.0, 7.0 ], 
            "faces": {
                "north": { "texture": "#2", "uv": [ 2.0, 9.0, 3.0, 10.0 ] },
                "east": { "texture": "#2", "uv": [ 3.0, 7.0, 4.0, 8.0 ] },
                "south": { "texture": "#2", "uv": [ 3.0, 6.0, 4.0, 7.0 ] },
                "west": { "texture": "#2", "uv": [ 2.0, 9.0, 3.0, 10.0 ] },
                "up": { "texture": "#2", "uv": [ 6.0, 6.0, 8.0, 7.0 ] },
                "down": { "texture": "#2", "uv": [ 3.0, 8.0, 4.0, 9.0 ] }
            }
        },
        {
            "name": "Cube",
            "from": [ 5.0, 1.0, 7.0 ], 
            "to": [ 7.0, 2.0, 8.0 ], 
            "faces": {
                "north": { "texture": "#2", "uv": [ 2.0, 8.0, 3.0, 9.0 ] },
                "east": { "texture": "#2", "uv": [ 3.0, 7.0, 4.0, 8.0 ] },
                "south": { "texture": "#2", "uv": [ 3.0, 7.0, 4.0, 8.0 ] },
                "west": { "texture": "#2", "uv": [ 2.0, 9.0, 3.0, 10.0 ] },
                "up": { "texture": "#2", "uv": [ 5.0, 7.0, 7.0, 8.0 ] },
                "down": { "texture": "#2", "uv": [ 3.0, 6.0, 4.0, 7.0 ] }
            }
        },
        {
            "name": "Cube",
            "from": [ 7.0, 1.0, 5.0 ], 
            "to": [ 8.0, 2.0, 6.0 ], 
            "faces": {
                "north": { "texture": "#2", "uv": [ 2.0, 9.0, 3.0, 10.0 ] },
                "east": { "texture": "#2", "uv": [ 3.0, 6.0, 4.0, 7.0 ] },
                "south": { "texture": "#2", "uv": [ 3.0, 6.0, 4.0, 7.0 ] },
                "west": { "texture": "#2", "uv": [ 2.0, 9.0, 3.0, 10.0 ] },
                "up": { "texture": "#2", "uv": [ 7.0, 5.0, 8.0, 6.0 ] },
                "down": { "texture": "#2", "uv": [ 3.0, 6.0, 4.0, 7.0 ] }
            }
        },
        {
            "name": "Cube",
            "from": [ 14.0, 1.0, 12.0 ], 
            "to": [ 16.0, 2.0, 14.0 ], 
            "faces": {
                "north": { "texture": "#2", "uv": [ 2.0, 9.0, 3.0, 10.0 ] },
                "east": { "texture": "#2", "uv": [ 3.0, 7.0, 4.0, 8.0 ] },
                "south": { "texture": "#2", "uv": [ 3.0, 7.0, 4.0, 8.0 ] },
                "west": { "texture": "#2", "uv": [ 2.0, 9.0, 3.0, 10.0 ] },
                "up": { "texture": "#2", "uv": [ 14.0, 12.0, 16.0, 14.0 ] },
                "down": { "texture": "#2", "uv": [ 3.0, 7.0, 4.0, 8.0 ] }
            }
        },
        {
            "name": "Cube",
            "from": [ 12.0, 1.0, 14.0 ], 
            "to": [ 14.0, 2.0, 16.0 ], 
            "faces": {
                "north": { "texture": "#2", "uv": [ 2.0, 9.0, 3.0, 10.0 ] },
                "east": { "texture": "#2", "uv": [ 3.0, 7.0, 4.0, 8.0 ] },
                "south": { "texture": "#2", "uv": [ 3.0, 7.0, 4.0, 8.0 ] },
                "west": { "texture": "#2", "uv": [ 2.0, 9.0, 3.0, 10.0 ] },
                "up": { "texture": "#2", "uv": [ 12.0, 14.0, 14.0, 16.0 ] },
                "down": { "texture": "#2", "uv": [ 3.0, 6.0, 4.0, 7.0 ] }
            }
        },
        {
            "name": "Cube",
            "from": [ 13.0, 1.0, 13.0 ], 
            "to": [ 14.0, 2.0, 14.0 ], 
            "faces": {
                "north": { "texture": "#2", "uv": [ 2.0, 9.0, 3.0, 10.0 ] },
                "east": { "texture": "#2", "uv": [ 3.0, 7.0, 4.0, 8.0 ] },
                "south": { "texture": "#2", "uv": [ 3.0, 7.0, 4.0, 8.0 ] },
                "west": { "texture": "#2", "uv": [ 2.0, 9.0, 3.0, 10.0 ] },
                "up": { "texture": "#2", "uv": [ 13.0, 13.0, 14.0, 14.0 ] },
                "down": { "texture": "#2", "uv": [ 3.0, 13.0, 4.0, 14.0 ] }
            }
        },
        {
            "name": "Cube",
            "from": [ 5.0, 0.0, 5.0 ], 
            "to": [ 7.0, 1.0, 7.0 ], 
            "faces": {
                "north": { "texture": "#0", "uv": [ 7.0, 6.0, 9.0, 7.0 ] },
                "east": { "texture": "#0", "uv": [ 12.0, 3.0, 14.0, 4.0 ] },
                "south": { "texture": "#0", "uv": [ 11.0, 3.0, 13.0, 4.0 ] },
                "west": { "texture": "#0", "uv": [ 7.0, 6.0, 9.0, 7.0 ] },
                "up": { "texture": "#0", "uv": [ 5.0, 5.0, 7.0, 7.0 ] },
                "down": { "texture": "#0", "uv": [ 11.0, 2.0, 13.0, 4.0 ] }
            }
        }
    ]
}