{
	"ambientocclusion": false,
	"textures": {
        "particle": "block/wheat_stage6",	
		"0": "block/wheat_stage6a"
	},
	"elements": [
		{
			"from": [4, -1, -8],
			"to": [4, 31, 24],
			"shade": false,
			"faces": {
				"east": {"uv": [0, 0, 16, 16], "texture": "#0"},
				"west": {"uv": [0, 0, 16, 16], "texture": "#0"}
			}
		},
		{
			"from": [12, -1, -8],
			"to": [12, 31, 24],
			"shade": false,
			"faces": {
				"east": {"uv": [0, 0, 16, 16], "texture": "#0"},
				"west": {"uv": [0, 0, 16, 16], "texture": "#0"}
			}
		},
		{
			"from": [-8, -1, 4],
			"to": [24, 31, 4],
			"shade": false,
			"faces": {
				"north": {"uv": [0, 0, 16, 16], "texture": "#0"},
				"south": {"uv": [0, 0, 16, 16], "texture": "#0"}
			}
		},
		{
			"from": [-8, -1, 12],
			"to": [24, 31, 12],
			"shade": false,
			"faces": {
				"north": {"uv": [0, 0, 16, 16], "texture": "#0"},
				"south": {"uv": [0, 0, 16, 16], "texture": "#0"}
			}
		}
	]
}