{
    "variants": {
        "": [
	    { "model": "block/crimson_nylium"},
            { "model": "block/crimson_nylium", "y": 90 },
            { "model": "block/crimson_nylium", "y": 180},
	    { "model": "block/crimson_nylium", "y": 270},
	    { "model": "block/crimson_nylium1"},
            { "model": "block/crimson_nylium1", "y": 90 },
            { "model": "block/crimson_nylium1", "y": 180},
	    { "model": "block/crimson_nylium1", "y": 270},
	    { "model": "block/crimson_nylium2"},
            { "model": "block/crimson_nylium2", "y": 90 },
            { "model": "block/crimson_nylium2", "y": 180},
	    { "model": "block/crimson_nylium2", "y": 270}
        ]
    }
}