{
    "variants": {
        "": [
            { "model": "block/grass_path", "weight": 35 },
            { "model": "block/grass_path", "weight": 35, "y": 90 },
            { "model": "block/grass_path", "weight": 35, "y": 180 },
            { "model": "block/grass_path", "weight": 35, "y": 270 },
            { "model": "block/grass_path1", "weight": 14 },
            { "model": "block/grass_path1", "weight": 14, "y": 90 },
            { "model": "block/grass_path1", "weight": 14, "y": 180 },
            { "model": "block/grass_path1", "weight": 14, "y": 270 },
            { "model": "block/grass_path2", "weight": 14 },
            { "model": "block/grass_path2", "weight": 14, "y": 90 },
            { "model": "block/grass_path2", "weight": 14, "y": 180 },
            { "model": "block/grass_path2", "weight": 14, "y": 270 }
        ]
    }
}
