{
    "variants": {
        "snowy=false": [
            { "model": "block/mycelium", "weight": 35 },
            { "model": "block/mycelium", "weight": 35, "y": 90 },
            { "model": "block/mycelium", "weight": 35, "y": 180 },
            { "model": "block/mycelium", "weight": 35, "y": 270 },
            { "model": "block/mycelium1", "weight": 14 },
            { "model": "block/mycelium1", "weight": 14, "y": 90 },
            { "model": "block/mycelium1", "weight": 14, "y": 180 },
            { "model": "block/mycelium1", "weight": 14, "y": 270 },
            { "model": "block/mycelium2", "weight": 14 },
            { "model": "block/mycelium2", "weight": 14, "y": 90 },
            { "model": "block/mycelium2", "weight": 14, "y": 180 },
            { "model": "block/mycelium2", "weight": 14, "y": 270 }
        ]
    }
}
