{
    "variants": {
        "snowy=false": [
            { "model": "block/podzol" },
            { "model": "block/podzol", "y": 90 },
            { "model": "block/podzol", "y": 180 },
            { "model": "block/podzol", "y": 270 },
            { "model": "block/podzol1" },
            { "model": "block/podzol1", "y": 90 },
            { "model": "block/podzol1", "y": 180 },
            { "model": "block/podzol1", "y": 270 },
            { "model": "block/podzol2" },
            { "model": "block/podzol2", "y": 90 },
            { "model": "block/podzol2", "y": 180 },
            { "model": "block/podzol2", "y": 270 }
        ],
        "snowy=true": { "model": "block/grass_block_snow" }
    }
}
